#count	frequency	CDR3nt	CDR3aa	V	D	J	C	cid	cid_full_length
208	7.880682e-01	TGTCAACAGCATGATAATCTCCCCCTCACTTTC	CQQHDNLPLTF	IGKV1-33*01	.	IGKJ4*01	IGKC	assemble0	1
43	7.837500e-01	TGTGCGAGAGATGTGGGGACCGGCCTGACTACACTTTACTACTTTGACTACTGG	CARDVGTGLTTLYYFDYW	IGHV1-2*02	IGHD4-17*01	IGHJ4*02	IGHM	assemble1	1
31	1.209848e-01	TGTCAGCAGGATTATAACTTTCGTACACTTTT	out_of_frame	IGKV3-7*04	.	IGKJ2*01	IGKC	assemble2	0
4	1.515152e-02	TGTCAACAGCATGATAATCTCCCCTCACTTTC	out_of_frame	IGKV1-33*01	.	IGKJ4*01	IGKC	assemble28	0
3	6.482143e-02	TGTGCGAGAGATGTGGGGACCGGCCTGAATACACTTTACTACTTTGACTACTGG	CARDVGTGLNTLYYFDYW	IGHV1-2*02	IGHD4-17*01	IGHJ4*02	IGHM	assemble1	1
3	5.946429e-02	TGTGCGAGAGATGTGGGGACCGGCCTGACTACACTTTACTACTTTGACTACTGG	CARDVGTGLTTLYYFDYW	IGHV1-2*02	IGHD4-17*01	IGHJ4*02	IGHD	assemble3	1
3	1.136364e-02	TGTCAACAGCATGATAATCTTCCCCTCACTTTC	CQQHDNLPLTF	IGKV1-33*01	.	IGKJ4*01	IGKC	assemble11	0
2	9.886364e-03	TGTCAACAGCATGATAATCTCCCCCTCAATTTC	CQQHDNLPLNF	IGKV1-33*01	.	IGKJ4*01	IGKC	assemble0	1
2	7.575758e-03	TGTCAGCAGGATTATAACTTTCGTACACGTTT	out_of_frame	IGKV3-7*02	.	IGKJ2*01	IGKC	assemble78	0
1	2.982143e-02	TGTGTGAGAGATGTGGGGACCGGCCTGACTACACTTTACTACTTTGACTACTGG	CVRDVGTGLTTLYYFDYW	IGHV1-2*02	IGHD4-17*01	IGHJ4*02	IGHD	assemble3	1
1	5.037879e-03	TGTCAACAGCATGATAATCTCCCCCTCACCTTC	CQQHDNLPLTF	IGKV1-33*01	.	IGKJ4*01	IGKC	assemble0	1
1	2.357143e-02	TGTGCGAGAGATGTGGGGACCGGGCTGACTACACTTTACTACTTTGACTACTGG	CARDVGTGLTTLYYFDYW	IGHV1-2*02	IGHD4-17*01	IGHJ4*02	IGHM	assemble1	1
1	4.886364e-03	TGTCAACAGCATGATAATCTCCCCCCCACTTTC	CQQHDNLPPTF	IGKV1-33*01	.	IGKJ4*01	IGKC	assemble0	1
1	4.848485e-03	TGTCAACAGCATGATAATCTCCCCTTCACTTTC	CQQHDNLPFTF	IGKV1-33*01	.	IGKJ4*01	IGKC	assemble0	1
1	4.659091e-03	TGTCAACAGCATGATTATCTCCCCCTCACTTTC	CQQHDYLPLTF	IGKV1-33*01	.	IGKJ4*01	IGKC	assemble0	1
1	4.583333e-03	TGTCAACAGCATGATAATCACCCCCTCACTTAC	CQQHDNHPLTY	IGKV1-33*01	.	IGKJ4*01	IGKC	assemble0	1
1	2.071429e-02	TGTGCGAGATATGTGGGGACCGGCCTGACTACACTTTACTACTTTGACTACTGG	CARYVGTGLTTLYYFDYW	IGHV1-2*02	IGHD4-17*01	IGHJ4*02	IGHM	assemble1	1
1	3.901515e-03	TGTCAGCAGGATTATAACTTTCGTACACTCTT	out_of_frame	IGKV3-7*04	.	IGKJ2*01	IGKC	assemble2	0
1	3.901515e-03	TGTCAGCAGGATTATAACTTTCGTACACTTAT	out_of_frame	IGKV3-7*04	.	IGKJ2*01	IGKC	assemble2	0
1	3.787879e-03	TGTCAACAGCATGATAACTTTCGTACACTTTTT	CQQHDNFRTLF	IGKV1-33*01	.	IGKJ2*01	IGKC	assemble65	0
1	3.787879e-03	TGTCAGCATGAGTATAACTTTCGTACACTTTT	out_of_frame	IGKV3-7*04	.	IGKJ2*01	IGKC	assemble2	0
1	1.785714e-02	TGTGCGAGAGATGTGGGGACCGGCCTGACTACACTTTACTACTTTGACTAGTGG	CARDVGTGLTTLYYFD_W	IGHV1-2*02	IGHD4-17*01	IGHJ4*02	IGHD	assemble3	1
1	3.787879e-03	TGCCAGTCCTATGACAGCAGCCTGAGTGGTTCCGTGGTATTC	CQSYDSSLSGSVVF	IGLV1-40*01	.	IGLJ2*01	IGLC	assemble34	0
1	3.787879e-03	TGTCAGCAGGATTATAACTTTCGTACACTTTT	out_of_frame	IGKV3-7*02	.	IGKJ2*01	IGKC	assemble112	0
