#count	frequency	CDR3nt	CDR3aa	V	D	J	C	cid	cid_full_length
201	7.92E-01	TGTCAACAGCATGATAATCTCCCCCTCACTTTC	CQQHDNLPLTF	IGKV1-33*01	.	IGKJ4*01	IGKC	assemble0	1
40	7.72E-01	TGTGCGAGAGATGTGGGGACCGGCCTGACTACACTTTACTACTTTGACTACTGG	CARDVGTGLTTLYYFDYW	IGHV1-2*02	IGHD4-17*01	IGHJ4*02	IGHM	assemble3	1
30	1.22E-01	TGTCAGCAGGATTATAACTTTCGTACACTTTT	out_of_frame	IGKV3-7*04	.	IGKJ2*01	IGKC	assemble4	0
4	1.57E-02	TGTCAACAGCATGATAATCTCCCCTCACTTTC	out_of_frame	IGKV1-33*01	.	IGKJ4*01	IGKC	assemble18	0
3	6.85E-02	TGTGCGAGAGATGTGGGGACCGGCCTGAATACACTTTACTACTTTGACTACTGG	CARDVGTGLNTLYYFDYW	IGHV1-2*02	IGHD4-17*01	IGHJ4*02	IGHM	assemble3	1
3	6.28E-02	TGTGCGAGAGATGTGGGGACCGGCCTGACTACACTTTACTACTTTGACTACTGG	CARDVGTGLTTLYYFDYW	IGHV1-2*02	IGHD4-17*01	IGHJ4*02	IGHD	assemble6	0
3	1.18E-02	TGTCAACAGCATGATAATCTTCCCCTCACTTTC	CQQHDNLPLTF	IGKV1-33*01	.	IGKJ4*01	IGKC	assemble29	0
2	1.03E-02	TGTCAACAGCATGATAATCTCCCCCTCAATTTC	CQQHDNLPLNF	IGKV1-33*01	.	IGKJ4*01	IGKC	assemble0	1
2	7.87E-03	TGTCAGCAGGATTATAACTTTCGTACACGTTT	out_of_frame	IGKV3-7*02	.	IGKJ2*01	IGKC	assemble52	0
1	3.15E-02	TGTGTGAGAGATGTGGGGACCGGCCTGACTACACTTTACTACTTTGACTACTGG	CVRDVGTGLTTLYYFDYW	IGHV1-2*02	IGHD4-17*01	IGHJ4*02	IGHD	assemble6	0
1	5.24E-03	TGTCAACAGCATGATAATCTCCCCCTCACCTTC	CQQHDNLPLTF	IGKV1-33*01	.	IGKJ4*01	IGKC	assemble0	1
1	2.49E-02	TGTGCGAGAGATGTGGGGACCGGGCTGACTACACTTTACTACTTTGACTACTGG	CARDVGTGLTTLYYFDYW	IGHV1-2*02	IGHD4-17*01	IGHJ4*02	IGHM	assemble3	1
1	5.08E-03	TGTCAACAGCATGATAATCTCCCCCCCACTTTC	CQQHDNLPPTF	IGKV1-33*01	.	IGKJ4*01	IGKC	assemble0	1
1	5.04E-03	TGTCAACAGCATGATAATCTCCCCTTCACTTTC	CQQHDNLPFTF	IGKV1-33*01	.	IGKJ4*01	IGKC	assemble0	1
1	4.84E-03	TGTCAACAGCATGATTATCTCCCCCTCACTTTC	CQQHDYLPLTF	IGKV1-33*01	.	IGKJ4*01	IGKC	assemble0	1
1	4.76E-03	TGTCAACAGCATGATAATCACCCCCTCACTTAC	CQQHDNHPLTY	IGKV1-33*01	.	IGKJ4*01	IGKC	assemble0	1
1	2.19E-02	TGTGCGAGATATGTGGGGACCGGCCTGACTACACTTTACTACTTTGACTACTGG	CARYVGTGLTTLYYFDYW	IGHV1-2*02	IGHD4-17*01	IGHJ4*02	IGHM	assemble3	1
1	4.06E-03	TGTCAGCAGGATTATAACTTTCGTACACTTAT	out_of_frame	IGKV3-7*04	.	IGKJ2*01	IGKC	assemble4	0
1	4.06E-03	TGTCAGCAGGATTATAACTTTCGTACACTCTT	out_of_frame	IGKV3-7*04	.	IGKJ2*01	IGKC	assemble4	0
1	3.94E-03	TGCCAGTCCTATGACAGCAGCCTGAGTGGTTCCGTGGTATTC	CQSYDSSLSGSVVF	IGLV1-40*01	.	IGLJ2*01	IGLC	assemble139	0
1	3.94E-03	TGTCAGCATGAGTATAACTTTCGTACACTTTT	out_of_frame	IGKV3-7*04	.	IGKJ2*01	IGKC	assemble4	0
1	1.89E-02	TGTGCGAGAGATGTGGGGACCGGCCTGACTACACTTTACTACTTTGACTAGTGG	CARDVGTGLTTLYYFD_W	IGHV1-2*02	IGHD4-17*01	IGHJ4*02	IGHD	assemble6	0
